,class,n,recall,precision,f1_score,confusion,mae,mse,rmse,ap
0,1,909,0.9504950495049505,0.19346171070309,0.3214883720930233,"{'TP': 864, 'TN': 943, 'FP': 3602, 'FN': 45}",0.0,0.0,0.0,0.0
1,2,0,0.0,0.0,0.0,"{'TP': 864, 'TN': 943, 'FP': 3602, 'FN': 45}",0.0,0.0,0.0,0.0
