,class,n,recall,precision,f1_score,confusion,mae,mse,rmse,ap
0,1,54,0.24074074074074073,0.22033898305084745,0.23008849557522124,"{'TP': 13, 'TN': 224, 'FP': 46, 'FN': 41}",0.0,0.0,0.0,0.0
1,2,0,0.0,0.0,0.0,"{'TP': 13, 'TN': 224, 'FP': 46, 'FN': 41}",0.0,0.0,0.0,0.0
