,class,n,recall,precision,f1_score,confusion,mae,mse,rmse,ap
0,1,19837,0.9793819629984373,0.12814627196454012,0.2266382804981189,0.0,180.5082191780822,53772.217808219175,231.88837359432054,0.3186594540676515
1,binary,19837,0.9793819629984373,0.12814627196454012,0.2266382804981189,0.0,180.5082191780822,53772.217808219175,231.88837359432054,0.3186594540676515
